images_list,label
train_face\0\000_003.mp4,video
train_face\0\001_870.mp4,video
train_face\0\002_006.mp4,video
train_face\0\003_000.mp4,video
train_face\0\004_982.mp4,video
train_face\0\005_010.mp4,video
train_face\0\006_002.mp4,video
train_face\0\007_132.mp4,video
train_face\0\008_990.mp4,video
train_face\0\009_027.mp4,video
train_face\0\010_005.mp4,video
train_face\0\011_805.mp4,video
train_face\0\012_026.mp4,video
train_face\0\013_883.mp4,video
train_face\0\014_790.mp4,video
train_face\0\015_919.mp4,video
train_face\0\016_209.mp4,video
train_face\0\017_803.mp4,video
train_face\0\018_019.mp4,video
train_face\0\019_018.mp4,video
train_face\0\020_344.mp4,video
train_face\0\021_312.mp4,video
train_face\0\022_489.mp4,video
train_face\0\023_923.mp4,video
train_face\0\024_073.mp4,video
train_face\0\025_067.mp4,video
train_face\0\026_012.mp4,video
train_face\0\027_009.mp4,video
train_face\0\028_068.mp4,video
train_face\0\029_048.mp4,video
train_face\0\030_193.mp4,video
train_face\0\031_163.mp4,video
train_face\0\032_944.mp4,video
train_face\0\033_097.mp4,video
train_face\0\034_590.mp4,video
train_face\0\035_036.mp4,video
train_face\0\036_035.mp4,video
train_face\0\037_072.mp4,video
train_face\0\038_125.mp4,video
train_face\0\039_058.mp4,video
train_face\0\040_997.mp4,video
train_face\0\041_063.mp4,video
train_face\0\042_084.mp4,video
train_face\0\043_110.mp4,video
train_face\0\044_945.mp4,video
train_face\0\045_889.mp4,video
train_face\0\046_904.mp4,video
train_face\0\047_862.mp4,video
train_face\0\048_029.mp4,video
train_face\0\049_946.mp4,video
train_face\0\050_059.mp4,video
train_face\0\051_332.mp4,video
train_face\0\052_108.mp4,video
train_face\0\053_095.mp4,video
train_face\0\054_071.mp4,video
train_face\0\055_147.mp4,video
train_face\0\056_996.mp4,video
train_face\0\057_070.mp4,video
train_face\0\058_039.mp4,video
train_face\0\059_050.mp4,video
train_face\0\060_088.mp4,video
train_face\0\061_080.mp4,video
train_face\0\062_066.mp4,video
train_face\0\063_041.mp4,video
train_face\0\064_991.mp4,video
train_face\0\065_089.mp4,video
train_face\0\066_062.mp4,video
train_face\0\067_025.mp4,video
train_face\0\068_028.mp4,video
train_face\0\069_961.mp4,video
train_face\0\070_057.mp4,video
train_face\0\071_054.mp4,video
train_face\0\072_037.mp4,video
train_face\0\073_024.mp4,video
train_face\0\074_825.mp4,video
train_face\0\075_977.mp4,video
train_face\0\076_079.mp4,video
train_face\0\077_100.mp4,video
train_face\0\078_955.mp4,video
train_face\0\079_076.mp4,video
train_face\0\080_061.mp4,video
train_face\0\081_087.mp4,video
train_face\0\082_103.mp4,video
train_face\0\083_213.mp4,video
train_face\0\084_042.mp4,video
train_face\0\085_124.mp4,video
train_face\0\086_090.mp4,video
train_face\0\087_081.mp4,video
train_face\0\088_060.mp4,video
train_face\0\089_065.mp4,video
train_face\0\090_086.mp4,video
train_face\0\091_116.mp4,video
train_face\0\092_098.mp4,video
train_face\0\093_121.mp4,video
train_face\0\094_111.mp4,video
train_face\0\095_053.mp4,video
train_face\0\096_101.mp4,video
train_face\0\097_033.mp4,video
train_face\0\098_092.mp4,video
train_face\0\099_295.mp4,video
train_face\0\100_077.mp4,video
train_face\0\101_096.mp4,video
train_face\0\102_114.mp4,video
train_face\0\103_082.mp4,video
train_face\0\104_126.mp4,video
train_face\0\105_180.mp4,video
train_face\0\106_198.mp4,video
train_face\0\107_109.mp4,video
train_face\0\108_052.mp4,video
train_face\0\109_107.mp4,video
train_face\0\110_043.mp4,video
train_face\0\111_094.mp4,video
train_face\0\112_892.mp4,video
train_face\0\113_983.mp4,video
train_face\0\114_102.mp4,video
train_face\0\115_939.mp4,video
train_face\0\116_091.mp4,video
train_face\0\117_217.mp4,video
train_face\0\118_120.mp4,video
train_face\0\119_123.mp4,video
train_face\0\120_118.mp4,video
train_face\0\121_093.mp4,video
train_face\0\122_144.mp4,video
train_face\0\123_119.mp4,video
train_face\0\124_085.mp4,video
train_face\0\125_038.mp4,video
train_face\0\126_104.mp4,video
train_face\0\127_129.mp4,video
train_face\0\128_896.mp4,video
train_face\0\129_127.mp4,video
train_face\0\130_139.mp4,video
train_face\0\131_518.mp4,video
train_face\0\132_007.mp4,video
train_face\0\133_148.mp4,video
train_face\0\134_192.mp4,video
train_face\0\135_880.mp4,video
train_face\0\136_285.mp4,video
train_face\0\137_165.mp4,video
train_face\0\138_142.mp4,video
train_face\0\139_130.mp4,video
train_face\0\140_143.mp4,video
train_face\0\141_161.mp4,video
train_face\0\142_138.mp4,video
train_face\0\143_140.mp4,video
train_face\0\144_122.mp4,video
train_face\0\145_299.mp4,video
train_face\0\146_256.mp4,video
train_face\0\147_055.mp4,video
train_face\0\148_133.mp4,video
train_face\0\149_152.mp4,video
train_face\0\150_153.mp4,video
train_face\0\151_225.mp4,video
train_face\0\152_149.mp4,video
train_face\0\153_150.mp4,video
train_face\0\154_386.mp4,video
train_face\0\155_576.mp4,video
train_face\0\156_243.mp4,video
train_face\0\157_245.mp4,video
train_face\0\158_379.mp4,video
train_face\0\159_175.mp4,video
train_face\0\160_928.mp4,video
train_face\0\161_141.mp4,video
train_face\0\162_330.mp4,video
train_face\0\163_031.mp4,video
train_face\0\164_216.mp4,video
train_face\0\165_137.mp4,video
train_face\0\166_167.mp4,video
train_face\0\167_166.mp4,video
train_face\0\168_222.mp4,video
train_face\0\169_227.mp4,video
train_face\0\170_186.mp4,video
train_face\0\171_173.mp4,video
train_face\0\172_582.mp4,video
train_face\0\173_171.mp4,video
train_face\0\174_964.mp4,video
train_face\0\175_159.mp4,video
train_face\0\176_190.mp4,video
train_face\0\177_211.mp4,video
train_face\0\178_598.mp4,video
train_face\0\179_212.mp4,video
train_face\0\180_105.mp4,video
train_face\0\181_199.mp4,video
train_face\0\182_242.mp4,video
train_face\0\183_253.mp4,video
train_face\0\184_205.mp4,video
train_face\0\185_276.mp4,video
train_face\0\186_170.mp4,video
train_face\0\187_234.mp4,video
train_face\0\188_191.mp4,video
train_face\0\189_200.mp4,video
train_face\0\190_176.mp4,video
train_face\0\191_188.mp4,video
train_face\0\192_134.mp4,video
train_face\0\193_030.mp4,video
train_face\0\194_235.mp4,video
train_face\0\195_442.mp4,video
train_face\0\196_310.mp4,video
train_face\0\197_224.mp4,video
train_face\0\198_106.mp4,video
train_face\0\199_181.mp4,video
train_face\0\200_189.mp4,video
train_face\0\201_203.mp4,video
train_face\0\202_348.mp4,video
train_face\0\203_201.mp4,video
train_face\0\204_230.mp4,video
train_face\0\205_184.mp4,video
train_face\0\206_221.mp4,video
train_face\0\207_908.mp4,video
train_face\0\208_215.mp4,video
train_face\0\209_016.mp4,video
train_face\0\210_241.mp4,video
train_face\0\211_177.mp4,video
train_face\0\212_179.mp4,video
train_face\0\213_083.mp4,video
train_face\0\214_255.mp4,video
train_face\0\215_208.mp4,video
train_face\0\216_164.mp4,video
train_face\0\217_117.mp4,video
train_face\0\218_239.mp4,video
train_face\0\219_220.mp4,video
train_face\0\220_219.mp4,video
train_face\0\221_206.mp4,video
train_face\0\222_168.mp4,video
train_face\0\223_586.mp4,video
train_face\0\224_197.mp4,video
train_face\0\225_151.mp4,video
train_face\0\226_491.mp4,video
train_face\0\227_169.mp4,video
train_face\0\228_289.mp4,video
train_face\0\229_247.mp4,video
train_face\0\230_204.mp4,video
train_face\0\231_663.mp4,video
train_face\0\232_248.mp4,video
train_face\0\233_995.mp4,video
train_face\0\234_187.mp4,video
train_face\0\235_194.mp4,video
train_face\0\236_237.mp4,video
train_face\0\237_236.mp4,video
train_face\0\238_282.mp4,video
train_face\0\239_218.mp4,video
train_face\0\240_290.mp4,video
train_face\0\241_210.mp4,video
train_face\0\242_182.mp4,video
train_face\0\243_156.mp4,video
train_face\0\244_822.mp4,video
train_face\0\245_157.mp4,video
train_face\0\246_258.mp4,video
train_face\0\247_229.mp4,video
train_face\0\248_232.mp4,video
train_face\0\249_280.mp4,video
train_face\0\250_461.mp4,video
train_face\0\251_375.mp4,video
train_face\0\252_266.mp4,video
train_face\0\253_183.mp4,video
train_face\0\254_261.mp4,video
train_face\0\255_214.mp4,video
train_face\0\256_146.mp4,video
train_face\0\257_420.mp4,video
train_face\0\258_246.mp4,video
train_face\0\259_345.mp4,video
train_face\0\260_331.mp4,video
train_face\0\261_254.mp4,video
train_face\0\262_301.mp4,video
train_face\0\263_284.mp4,video
train_face\0\264_271.mp4,video
train_face\0\265_475.mp4,video
train_face\0\266_252.mp4,video
train_face\0\267_286.mp4,video
train_face\0\268_269.mp4,video
train_face\0\269_268.mp4,video
train_face\0\270_297.mp4,video
train_face\0\271_264.mp4,video
train_face\0\272_396.mp4,video
train_face\0\273_807.mp4,video
train_face\0\274_412.mp4,video
train_face\0\275_887.mp4,video
train_face\0\276_185.mp4,video
train_face\0\277_335.mp4,video
train_face\0\278_306.mp4,video
train_face\0\279_298.mp4,video
train_face\0\280_249.mp4,video
train_face\0\281_474.mp4,video
train_face\0\282_238.mp4,video
train_face\0\283_313.mp4,video
train_face\0\284_263.mp4,video
train_face\0\285_136.mp4,video
train_face\0\286_267.mp4,video
train_face\0\287_426.mp4,video
train_face\0\288_321.mp4,video
train_face\0\289_228.mp4,video
train_face\0\290_240.mp4,video
train_face\0\291_874.mp4,video
train_face\0\292_294.mp4,video
train_face\0\293_296.mp4,video
train_face\0\294_292.mp4,video
train_face\0\295_099.mp4,video
train_face\0\296_293.mp4,video
train_face\0\297_270.mp4,video
train_face\0\298_279.mp4,video
train_face\0\299_145.mp4,video
train_face\0\300_304.mp4,video
train_face\0\301_262.mp4,video
train_face\0\302_323.mp4,video
train_face\0\303_309.mp4,video
train_face\0\304_300.mp4,video
train_face\0\305_513.mp4,video
train_face\0\306_278.mp4,video
train_face\0\307_365.mp4,video
train_face\0\308_388.mp4,video
train_face\0\309_303.mp4,video
train_face\0\310_196.mp4,video
train_face\0\311_387.mp4,video
train_face\0\312_021.mp4,video
train_face\0\313_283.mp4,video
train_face\0\314_347.mp4,video
train_face\0\315_322.mp4,video
train_face\0\316_369.mp4,video
train_face\0\317_359.mp4,video
train_face\0\318_334.mp4,video
train_face\0\319_352.mp4,video
train_face\0\320_328.mp4,video
train_face\0\321_288.mp4,video
train_face\0\322_315.mp4,video
train_face\0\323_302.mp4,video
train_face\0\324_356.mp4,video
train_face\0\325_492.mp4,video
train_face\0\326_501.mp4,video
train_face\0\327_329.mp4,video
train_face\0\328_320.mp4,video
train_face\0\329_327.mp4,video
train_face\0\330_162.mp4,video
train_face\0\331_260.mp4,video
train_face\0\332_051.mp4,video
train_face\0\333_377.mp4,video
train_face\0\334_318.mp4,video
train_face\0\335_277.mp4,video
train_face\0\336_338.mp4,video
train_face\0\337_522.mp4,video
train_face\0\338_336.mp4,video
train_face\0\339_392.mp4,video
train_face\0\340_341.mp4,video
train_face\0\341_340.mp4,video
train_face\0\342_416.mp4,video
train_face\0\343_363.mp4,video
train_face\0\344_020.mp4,video
train_face\0\345_259.mp4,video
train_face\0\346_351.mp4,video
train_face\0\347_314.mp4,video
train_face\0\348_202.mp4,video
train_face\0\349_350.mp4,video
train_face\0\350_349.mp4,video
train_face\0\351_346.mp4,video
train_face\0\352_319.mp4,video
train_face\0\353_383.mp4,video
train_face\0\354_362.mp4,video
train_face\0\355_748.mp4,video
train_face\0\356_324.mp4,video
train_face\0\357_432.mp4,video
train_face\0\358_380.mp4,video
train_face\0\359_317.mp4,video
train_face\0\360_437.mp4,video
train_face\0\361_448.mp4,video
train_face\0\362_354.mp4,video
train_face\0\363_343.mp4,video
train_face\0\364_440.mp4,video
train_face\0\365_307.mp4,video
train_face\0\366_473.mp4,video
train_face\0\367_371.mp4,video
train_face\0\368_378.mp4,video
train_face\0\369_316.mp4,video
train_face\0\370_483.mp4,video
train_face\0\371_367.mp4,video
train_face\0\372_413.mp4,video
train_face\0\373_394.mp4,video
train_face\0\374_407.mp4,video
train_face\0\375_251.mp4,video
train_face\0\376_381.mp4,video
train_face\0\377_333.mp4,video
train_face\0\378_368.mp4,video
train_face\0\379_158.mp4,video
train_face\0\380_358.mp4,video
train_face\0\381_376.mp4,video
train_face\0\382_409.mp4,video
train_face\0\383_353.mp4,video
train_face\0\384_932.mp4,video
train_face\0\385_414.mp4,video
train_face\0\386_154.mp4,video
train_face\0\387_311.mp4,video
train_face\0\388_308.mp4,video
train_face\0\389_480.mp4,video
train_face\0\390_709.mp4,video
train_face\0\391_406.mp4,video
train_face\0\392_339.mp4,video
train_face\0\393_405.mp4,video
train_face\0\394_373.mp4,video
train_face\0\395_401.mp4,video
train_face\0\396_272.mp4,video
train_face\0\397_602.mp4,video
train_face\0\398_457.mp4,video
train_face\0\399_488.mp4,video
train_face\0\400_476.mp4,video
train_face\0\401_395.mp4,video
train_face\0\402_453.mp4,video
train_face\0\403_497.mp4,video
train_face\0\404_429.mp4,video
train_face\0\405_393.mp4,video
train_face\0\406_391.mp4,video
train_face\0\407_374.mp4,video
train_face\0\408_424.mp4,video
train_face\0\409_382.mp4,video
train_face\0\410_411.mp4,video
train_face\0\411_410.mp4,video
train_face\0\412_274.mp4,video
train_face\0\413_372.mp4,video
train_face\0\414_385.mp4,video
train_face\0\415_484.mp4,video
train_face\0\416_342.mp4,video
train_face\0\417_496.mp4,video
train_face\0\418_507.mp4,video
train_face\0\419_824.mp4,video
train_face\0\420_257.mp4,video
train_face\0\421_423.mp4,video
train_face\0\422_695.mp4,video
train_face\0\423_421.mp4,video
train_face\0\424_408.mp4,video
train_face\0\425_485.mp4,video
train_face\0\426_287.mp4,video
train_face\0\427_637.mp4,video
train_face\0\428_466.mp4,video
train_face\0\429_404.mp4,video
train_face\0\430_459.mp4,video
train_face\0\431_447.mp4,video
train_face\0\432_357.mp4,video
train_face\0\433_498.mp4,video
train_face\0\434_438.mp4,video
train_face\0\435_456.mp4,video
train_face\0\436_526.mp4,video
train_face\0\437_360.mp4,video
train_face\0\438_434.mp4,video
train_face\0\439_441.mp4,video
train_face\0\440_364.mp4,video
train_face\0\441_439.mp4,video
train_face\0\442_195.mp4,video
train_face\0\443_514.mp4,video
train_face\0\444_655.mp4,video
train_face\0\445_494.mp4,video
train_face\0\446_667.mp4,video
train_face\0\447_431.mp4,video
train_face\0\448_361.mp4,video
train_face\0\449_451.mp4,video
train_face\0\450_533.mp4,video
train_face\0\451_449.mp4,video
train_face\0\452_550.mp4,video
train_face\0\453_402.mp4,video
train_face\0\454_527.mp4,video
train_face\0\455_471.mp4,video
train_face\0\456_435.mp4,video
train_face\0\457_398.mp4,video
train_face\0\458_722.mp4,video
train_face\0\459_430.mp4,video
train_face\0\460_678.mp4,video
train_face\0\461_250.mp4,video
train_face\0\462_467.mp4,video
train_face\0\463_464.mp4,video
train_face\0\464_463.mp4,video
train_face\0\465_482.mp4,video
train_face\0\466_428.mp4,video
train_face\0\467_462.mp4,video
train_face\0\468_470.mp4,video
train_face\0\469_481.mp4,video
train_face\0\470_468.mp4,video
train_face\0\471_455.mp4,video
train_face\0\472_511.mp4,video
train_face\0\473_366.mp4,video
train_face\0\474_281.mp4,video
train_face\0\475_265.mp4,video
train_face\0\476_400.mp4,video
train_face\0\477_487.mp4,video
train_face\0\478_506.mp4,video
train_face\0\479_706.mp4,video
train_face\0\480_389.mp4,video
train_face\0\481_469.mp4,video
train_face\0\482_465.mp4,video
train_face\0\483_370.mp4,video
train_face\0\484_415.mp4,video
train_face\0\485_425.mp4,video
train_face\0\486_680.mp4,video
train_face\0\487_477.mp4,video
train_face\0\488_399.mp4,video
train_face\0\489_022.mp4,video
train_face\0\490_534.mp4,video
train_face\0\491_226.mp4,video
train_face\0\492_325.mp4,video
train_face\0\493_538.mp4,video
train_face\0\494_445.mp4,video
train_face\0\495_512.mp4,video
train_face\0\496_417.mp4,video
train_face\0\497_403.mp4,video
train_face\0\498_433.mp4,video
train_face\0\499_539.mp4,video
train_face\0\500_592.mp4,video
train_face\0\501_326.mp4,video
train_face\0\502_504.mp4,video
train_face\0\503_756.mp4,video
train_face\0\504_502.mp4,video
train_face\0\505_600.mp4,video
train_face\0\506_478.mp4,video
train_face\0\507_418.mp4,video
train_face\0\508_831.mp4,video
train_face\0\509_525.mp4,video
train_face\0\510_528.mp4,video
train_face\0\511_472.mp4,video
train_face\0\512_495.mp4,video
train_face\0\513_305.mp4,video
train_face\0\514_443.mp4,video
train_face\0\515_519.mp4,video
train_face\0\516_555.mp4,video
train_face\0\517_521.mp4,video
train_face\0\518_131.mp4,video
train_face\0\519_515.mp4,video
train_face\0\520_542.mp4,video
train_face\0\521_517.mp4,video
train_face\0\522_337.mp4,video
train_face\0\523_541.mp4,video
train_face\0\524_580.mp4,video
train_face\0\525_509.mp4,video
train_face\0\526_436.mp4,video
train_face\0\527_454.mp4,video
train_face\0\528_510.mp4,video
train_face\0\529_633.mp4,video
train_face\0\530_594.mp4,video
train_face\0\531_549.mp4,video
train_face\0\532_544.mp4,video
train_face\0\533_450.mp4,video
train_face\0\534_490.mp4,video
train_face\0\535_587.mp4,video
train_face\0\536_540.mp4,video
train_face\0\537_563.mp4,video
train_face\0\538_493.mp4,video
train_face\0\539_499.mp4,video
train_face\0\540_536.mp4,video
train_face\0\541_523.mp4,video
train_face\0\542_520.mp4,video
train_face\0\543_559.mp4,video
train_face\0\544_532.mp4,video
train_face\0\545_553.mp4,video
train_face\0\546_621.mp4,video
train_face\0\547_574.mp4,video
train_face\0\548_632.mp4,video
train_face\0\549_531.mp4,video
train_face\0\550_452.mp4,video
train_face\0\551_631.mp4,video
train_face\0\552_851.mp4,video
train_face\0\553_545.mp4,video
train_face\0\554_572.mp4,video
train_face\0\555_516.mp4,video
train_face\0\556_588.mp4,video
train_face\0\557_560.mp4,video
train_face\0\558_583.mp4,video
train_face\0\559_543.mp4,video
train_face\0\560_557.mp4,video
train_face\0\561_998.mp4,video
train_face\0\562_626.mp4,video
train_face\0\563_537.mp4,video
train_face\0\564_971.mp4,video
train_face\0\565_589.mp4,video
train_face\0\566_617.mp4,video
train_face\0\567_606.mp4,video
train_face\0\568_628.mp4,video
train_face\0\569_921.mp4,video
train_face\0\570_624.mp4,video
train_face\0\571_746.mp4,video
train_face\0\572_554.mp4,video
train_face\0\573_757.mp4,video
train_face\0\574_547.mp4,video
train_face\0\575_603.mp4,video
train_face\0\576_155.mp4,video
train_face\0\577_593.mp4,video
train_face\0\578_636.mp4,video
train_face\0\579_701.mp4,video
train_face\0\580_524.mp4,video
train_face\0\581_697.mp4,video
train_face\0\582_172.mp4,video
train_face\0\583_558.mp4,video
train_face\0\584_823.mp4,video
train_face\0\585_599.mp4,video
train_face\0\586_223.mp4,video
train_face\0\587_535.mp4,video
train_face\0\588_556.mp4,video
train_face\0\589_565.mp4,video
train_face\0\590_034.mp4,video
train_face\0\591_605.mp4,video
train_face\0\592_500.mp4,video
train_face\0\593_577.mp4,video
train_face\0\594_530.mp4,video
train_face\0\595_597.mp4,video
train_face\0\596_609.mp4,video
train_face\0\597_595.mp4,video
train_face\0\598_178.mp4,video
train_face\0\599_585.mp4,video
train_face\0\600_505.mp4,video
train_face\0\601_653.mp4,video
train_face\0\602_397.mp4,video
train_face\0\603_575.mp4,video
train_face\0\604_703.mp4,video
train_face\0\605_591.mp4,video
train_face\0\606_567.mp4,video
train_face\0\607_683.mp4,video
train_face\0\608_675.mp4,video
train_face\0\609_596.mp4,video
train_face\0\610_692.mp4,video
train_face\0\611_760.mp4,video
train_face\0\612_702.mp4,video
train_face\0\613_685.mp4,video
train_face\0\614_616.mp4,video
train_face\0\615_687.mp4,video
train_face\0\616_614.mp4,video
train_face\0\617_566.mp4,video
train_face\0\618_629.mp4,video
train_face\0\619_620.mp4,video
train_face\0\620_619.mp4,video
train_face\0\621_546.mp4,video
train_face\0\622_647.mp4,video
train_face\0\623_630.mp4,video
train_face\0\624_570.mp4,video
train_face\0\625_650.mp4,video
train_face\0\626_562.mp4,video
train_face\0\627_658.mp4,video
train_face\0\628_568.mp4,video
train_face\0\629_618.mp4,video
train_face\0\630_623.mp4,video
train_face\0\631_551.mp4,video
train_face\0\632_548.mp4,video
train_face\0\633_529.mp4,video
train_face\0\634_660.mp4,video
train_face\0\635_642.mp4,video
train_face\0\636_578.mp4,video
train_face\0\637_427.mp4,video
train_face\0\638_640.mp4,video
train_face\0\639_841.mp4,video
train_face\0\640_638.mp4,video
train_face\0\641_662.mp4,video
train_face\0\642_635.mp4,video
train_face\0\643_646.mp4,video
train_face\0\644_657.mp4,video
train_face\0\645_688.mp4,video
train_face\0\646_643.mp4,video
train_face\0\647_622.mp4,video
train_face\0\648_654.mp4,video
train_face\0\649_816.mp4,video
train_face\0\650_625.mp4,video
train_face\0\651_835.mp4,video
train_face\0\652_773.mp4,video
train_face\0\653_601.mp4,video
train_face\0\654_648.mp4,video
train_face\0\655_444.mp4,video
train_face\0\656_666.mp4,video
train_face\0\657_644.mp4,video
train_face\0\658_627.mp4,video
train_face\0\659_749.mp4,video
train_face\0\660_634.mp4,video
train_face\0\661_670.mp4,video
train_face\0\662_641.mp4,video
train_face\0\663_231.mp4,video
train_face\0\664_668.mp4,video
train_face\0\665_679.mp4,video
train_face\0\666_656.mp4,video
train_face\0\667_446.mp4,video
train_face\0\668_664.mp4,video
train_face\0\669_682.mp4,video
train_face\0\670_661.mp4,video
train_face\0\671_677.mp4,video
train_face\0\672_720.mp4,video
train_face\0\673_728.mp4,video
train_face\0\674_744.mp4,video
train_face\0\675_608.mp4,video
train_face\0\676_776.mp4,video
train_face\0\677_671.mp4,video
train_face\0\678_460.mp4,video
train_face\0\679_665.mp4,video
train_face\0\680_486.mp4,video
train_face\0\681_711.mp4,video
train_face\0\682_669.mp4,video
train_face\0\683_607.mp4,video
train_face\0\684_717.mp4,video
train_face\0\685_613.mp4,video
train_face\0\686_696.mp4,video
train_face\0\687_615.mp4,video
train_face\0\688_645.mp4,video
train_face\0\689_690.mp4,video
train_face\0\690_689.mp4,video
train_face\0\691_732.mp4,video
train_face\0\692_610.mp4,video
train_face\0\693_698.mp4,video
train_face\0\694_767.mp4,video
train_face\0\695_422.mp4,video
train_face\0\696_686.mp4,video
train_face\0\697_581.mp4,video
train_face\0\698_693.mp4,video
train_face\0\699_734.mp4,video
train_face\0\700_813.mp4,video
train_face\0\701_579.mp4,video
train_face\0\702_612.mp4,video
train_face\0\703_604.mp4,video
train_face\0\704_723.mp4,video
train_face\0\705_707.mp4,video
train_face\0\706_479.mp4,video
train_face\0\707_705.mp4,video
train_face\0\708_772.mp4,video
train_face\0\709_390.mp4,video
train_face\0\710_788.mp4,video
train_face\0\711_681.mp4,video
train_face\0\712_716.mp4,video
train_face\0\713_726.mp4,video
train_face\0\714_842.mp4,video
train_face\0\715_721.mp4,video
train_face\0\716_712.mp4,video
train_face\0\717_684.mp4,video
train_face\0\718_972.mp4,video
train_face\0\719_737.mp4,video
train_face\0\720_672.mp4,video
train_face\0\721_715.mp4,video
train_face\0\722_458.mp4,video
train_face\0\723_704.mp4,video
train_face\0\724_725.mp4,video
train_face\0\725_724.mp4,video
train_face\0\726_713.mp4,video
train_face\0\727_729.mp4,video
train_face\0\728_673.mp4,video
train_face\0\729_727.mp4,video
train_face\0\730_815.mp4,video
train_face\0\731_741.mp4,video
train_face\0\732_691.mp4,video
train_face\0\733_935.mp4,video
train_face\0\734_699.mp4,video
train_face\0\735_774.mp4,video
train_face\0\736_785.mp4,video
train_face\0\737_719.mp4,video
train_face\0\738_804.mp4,video
train_face\0\739_865.mp4,video
train_face\0\740_796.mp4,video
train_face\0\741_731.mp4,video
train_face\0\742_775.mp4,video
train_face\0\743_750.mp4,video
train_face\0\744_674.mp4,video
train_face\0\745_777.mp4,video
train_face\0\746_571.mp4,video
train_face\0\747_854.mp4,video
train_face\0\748_355.mp4,video
train_face\0\749_659.mp4,video
train_face\0\750_743.mp4,video
train_face\0\751_752.mp4,video
train_face\0\752_751.mp4,video
train_face\0\753_789.mp4,video
train_face\0\754_758.mp4,video
train_face\0\755_759.mp4,video
train_face\0\756_503.mp4,video
train_face\0\757_573.mp4,video
train_face\0\758_754.mp4,video
train_face\0\759_755.mp4,video
train_face\0\760_611.mp4,video
train_face\0\761_766.mp4,video
train_face\0\762_832.mp4,video
train_face\0\763_930.mp4,video
train_face\0\764_850.mp4,video
train_face\0\765_867.mp4,video
train_face\0\766_761.mp4,video
train_face\0\767_694.mp4,video
train_face\0\768_793.mp4,video
train_face\0\769_784.mp4,video
train_face\0\770_791.mp4,video
train_face\0\771_849.mp4,video
train_face\0\772_708.mp4,video
train_face\0\773_652.mp4,video
train_face\0\774_735.mp4,video
train_face\0\775_742.mp4,video
train_face\0\776_676.mp4,video
train_face\0\777_745.mp4,video
train_face\0\778_798.mp4,video
train_face\0\779_794.mp4,video
train_face\0\780_869.mp4,video
train_face\0\781_806.mp4,video
train_face\0\782_787.mp4,video
train_face\0\783_916.mp4,video
train_face\0\784_769.mp4,video
train_face\0\785_736.mp4,video
train_face\0\786_819.mp4,video
train_face\0\787_782.mp4,video
train_face\0\788_710.mp4,video
train_face\0\789_753.mp4,video
train_face\0\790_014.mp4,video
train_face\0\791_770.mp4,video
train_face\0\792_903.mp4,video
train_face\0\793_768.mp4,video
train_face\0\794_779.mp4,video
train_face\0\795_907.mp4,video
train_face\0\796_740.mp4,video
train_face\0\797_844.mp4,video
train_face\0\798_778.mp4,video
train_face\0\799_809.mp4,video
train_face\0\800_840.mp4,video
train_face\0\801_855.mp4,video
train_face\0\802_885.mp4,video
train_face\0\803_017.mp4,video
train_face\0\804_738.mp4,video
train_face\0\805_011.mp4,video
train_face\0\806_781.mp4,video
train_face\0\807_273.mp4,video
train_face\0\808_829.mp4,video
train_face\0\809_799.mp4,video
train_face\0\810_838.mp4,video
train_face\0\811_920.mp4,video
train_face\0\812_821.mp4,video
train_face\0\813_700.mp4,video
train_face\0\814_871.mp4,video
train_face\0\815_730.mp4,video
train_face\0\816_649.mp4,video
train_face\0\817_827.mp4,video
train_face\0\818_820.mp4,video
train_face\0\819_786.mp4,video
train_face\0\820_818.mp4,video
train_face\0\821_812.mp4,video
train_face\0\822_244.mp4,video
train_face\0\823_584.mp4,video
train_face\0\824_419.mp4,video
train_face\0\825_074.mp4,video
train_face\0\826_833.mp4,video
train_face\0\827_817.mp4,video
train_face\0\828_830.mp4,video
train_face\0\829_808.mp4,video
train_face\0\830_828.mp4,video
train_face\0\831_508.mp4,video
train_face\0\832_762.mp4,video
train_face\0\833_826.mp4,video
train_face\0\834_852.mp4,video
train_face\0\835_651.mp4,video
train_face\0\836_950.mp4,video
train_face\0\837_890.mp4,video
train_face\0\838_810.mp4,video
train_face\0\839_864.mp4,video
train_face\0\840_800.mp4,video
train_face\0\841_639.mp4,video
train_face\0\842_714.mp4,video
train_face\0\843_859.mp4,video
train_face\0\844_797.mp4,video
train_face\0\845_846.mp4,video
train_face\0\846_845.mp4,video
train_face\0\847_906.mp4,video
train_face\0\848_894.mp4,video
train_face\0\849_771.mp4,video
train_face\0\850_764.mp4,video
train_face\0\851_552.mp4,video
train_face\0\852_834.mp4,video
train_face\0\853_863.mp4,video
train_face\0\854_747.mp4,video
train_face\0\855_801.mp4,video
train_face\0\856_881.mp4,video
train_face\0\857_909.mp4,video
train_face\0\858_861.mp4,video
train_face\0\859_843.mp4,video
train_face\1\000.mp4,video
train_face\1\001.mp4,video
train_face\1\002.mp4,video
train_face\1\003.mp4,video
train_face\1\004.mp4,video
train_face\1\005.mp4,video
train_face\1\006.mp4,video
train_face\1\007.mp4,video
train_face\1\008.mp4,video
train_face\1\009.mp4,video
train_face\1\010.mp4,video
train_face\1\011.mp4,video
train_face\1\012.mp4,video
train_face\1\013.mp4,video
train_face\1\014.mp4,video
train_face\1\015.mp4,video
train_face\1\016.mp4,video
train_face\1\017.mp4,video
train_face\1\018.mp4,video
train_face\1\019.mp4,video
train_face\1\020.mp4,video
train_face\1\021.mp4,video
train_face\1\022.mp4,video
train_face\1\023.mp4,video
train_face\1\024.mp4,video
train_face\1\025.mp4,video
train_face\1\026.mp4,video
train_face\1\027.mp4,video
train_face\1\028.mp4,video
train_face\1\029.mp4,video
train_face\1\030.mp4,video
train_face\1\031.mp4,video
train_face\1\032.mp4,video
train_face\1\033.mp4,video
train_face\1\034.mp4,video
train_face\1\035.mp4,video
train_face\1\036.mp4,video
train_face\1\037.mp4,video
train_face\1\038.mp4,video
train_face\1\039.mp4,video
train_face\1\040.mp4,video
train_face\1\041.mp4,video
train_face\1\042.mp4,video
train_face\1\043.mp4,video
train_face\1\044.mp4,video
train_face\1\045.mp4,video
train_face\1\046.mp4,video
train_face\1\047.mp4,video
train_face\1\048.mp4,video
train_face\1\049.mp4,video
train_face\1\050.mp4,video
train_face\1\051.mp4,video
train_face\1\052.mp4,video
train_face\1\053.mp4,video
train_face\1\054.mp4,video
train_face\1\055.mp4,video
train_face\1\056.mp4,video
train_face\1\057.mp4,video
train_face\1\058.mp4,video
train_face\1\059.mp4,video
train_face\1\060.mp4,video
train_face\1\061.mp4,video
train_face\1\062.mp4,video
train_face\1\063.mp4,video
train_face\1\064.mp4,video
train_face\1\065.mp4,video
train_face\1\066.mp4,video
train_face\1\067.mp4,video
train_face\1\068.mp4,video
train_face\1\069.mp4,video
train_face\1\070.mp4,video
train_face\1\071.mp4,video
train_face\1\072.mp4,video
train_face\1\073.mp4,video
train_face\1\074.mp4,video
train_face\1\075.mp4,video
train_face\1\076.mp4,video
train_face\1\077.mp4,video
train_face\1\078.mp4,video
train_face\1\079.mp4,video
train_face\1\080.mp4,video
train_face\1\081.mp4,video
train_face\1\082.mp4,video
train_face\1\083.mp4,video
train_face\1\084.mp4,video
train_face\1\085.mp4,video
train_face\1\086.mp4,video
train_face\1\087.mp4,video
train_face\1\088.mp4,video
train_face\1\089.mp4,video
train_face\1\090.mp4,video
train_face\1\091.mp4,video
train_face\1\092.mp4,video
train_face\1\093.mp4,video
train_face\1\094.mp4,video
train_face\1\095.mp4,video
train_face\1\096.mp4,video
train_face\1\097.mp4,video
train_face\1\098.mp4,video
train_face\1\099.mp4,video
train_face\1\100.mp4,video
train_face\1\101.mp4,video
train_face\1\102.mp4,video
train_face\1\103.mp4,video
train_face\1\104.mp4,video
train_face\1\105.mp4,video
train_face\1\106.mp4,video
train_face\1\107.mp4,video
train_face\1\108.mp4,video
train_face\1\109.mp4,video
train_face\1\110.mp4,video
train_face\1\111.mp4,video
train_face\1\112.mp4,video
train_face\1\113.mp4,video
train_face\1\114.mp4,video
train_face\1\115.mp4,video
train_face\1\116.mp4,video
train_face\1\117.mp4,video
train_face\1\118.mp4,video
train_face\1\119.mp4,video
train_face\1\120.mp4,video
train_face\1\121.mp4,video
train_face\1\122.mp4,video
train_face\1\123.mp4,video
train_face\1\124.mp4,video
train_face\1\125.mp4,video
train_face\1\126.mp4,video
train_face\1\127.mp4,video
train_face\1\128.mp4,video
train_face\1\129.mp4,video
train_face\1\130.mp4,video
train_face\1\131.mp4,video
train_face\1\132.mp4,video
train_face\1\133.mp4,video
train_face\1\134.mp4,video
train_face\1\135.mp4,video
train_face\1\136.mp4,video
train_face\1\137.mp4,video
train_face\1\138.mp4,video
train_face\1\139.mp4,video
train_face\1\140.mp4,video
train_face\1\141.mp4,video
train_face\1\142.mp4,video
train_face\1\143.mp4,video
train_face\1\144.mp4,video
train_face\1\145.mp4,video
train_face\1\146.mp4,video
train_face\1\147.mp4,video
train_face\1\148.mp4,video
train_face\1\149.mp4,video
train_face\1\150.mp4,video
train_face\1\151.mp4,video
train_face\1\152.mp4,video
train_face\1\153.mp4,video
train_face\1\154.mp4,video
train_face\1\155.mp4,video
train_face\1\156.mp4,video
train_face\1\157.mp4,video
train_face\1\158.mp4,video
train_face\1\159.mp4,video
train_face\1\160.mp4,video
train_face\1\161.mp4,video
train_face\1\162.mp4,video
train_face\1\163.mp4,video
train_face\1\164.mp4,video
train_face\1\165.mp4,video
train_face\1\166.mp4,video
train_face\1\167.mp4,video
train_face\1\168.mp4,video
train_face\1\169.mp4,video
train_face\1\170.mp4,video
train_face\1\171.mp4,video
train_face\1\172.mp4,video
train_face\1\173.mp4,video
train_face\1\174.mp4,video
train_face\1\175.mp4,video
train_face\1\176.mp4,video
train_face\1\177.mp4,video
train_face\1\178.mp4,video
train_face\1\179.mp4,video
train_face\1\180.mp4,video
train_face\1\181.mp4,video
train_face\1\182.mp4,video
train_face\1\183.mp4,video
train_face\1\184.mp4,video
train_face\1\185.mp4,video
train_face\1\186.mp4,video
train_face\1\187.mp4,video
train_face\1\188.mp4,video
train_face\1\189.mp4,video
train_face\1\190.mp4,video
train_face\1\191.mp4,video
train_face\1\192.mp4,video
train_face\1\193.mp4,video
train_face\1\194.mp4,video
train_face\1\195.mp4,video
train_face\1\196.mp4,video
train_face\1\197.mp4,video
train_face\1\198.mp4,video
train_face\1\199.mp4,video
train_face\1\200.mp4,video
train_face\1\201.mp4,video
train_face\1\202.mp4,video
train_face\1\203.mp4,video
train_face\1\204.mp4,video
train_face\1\205.mp4,video
train_face\1\206.mp4,video
train_face\1\207.mp4,video
train_face\1\208.mp4,video
train_face\1\209.mp4,video
train_face\1\210.mp4,video
train_face\1\211.mp4,video
train_face\1\212.mp4,video
train_face\1\213.mp4,video
train_face\1\214.mp4,video
train_face\1\215.mp4,video
train_face\1\216.mp4,video
train_face\1\217.mp4,video
train_face\1\218.mp4,video
train_face\1\219.mp4,video
train_face\1\220.mp4,video
train_face\1\221.mp4,video
train_face\1\222.mp4,video
train_face\1\223.mp4,video
train_face\1\224.mp4,video
train_face\1\225.mp4,video
train_face\1\226.mp4,video
train_face\1\227.mp4,video
train_face\1\228.mp4,video
train_face\1\229.mp4,video
train_face\1\230.mp4,video
train_face\1\231.mp4,video
train_face\1\232.mp4,video
train_face\1\233.mp4,video
train_face\1\234.mp4,video
train_face\1\235.mp4,video
train_face\1\236.mp4,video
train_face\1\237.mp4,video
train_face\1\238.mp4,video
train_face\1\239.mp4,video
train_face\1\240.mp4,video
train_face\1\241.mp4,video
train_face\1\242.mp4,video
train_face\1\243.mp4,video
train_face\1\244.mp4,video
train_face\1\245.mp4,video
train_face\1\246.mp4,video
train_face\1\247.mp4,video
train_face\1\248.mp4,video
train_face\1\249.mp4,video
train_face\1\250.mp4,video
train_face\1\251.mp4,video
train_face\1\252.mp4,video
train_face\1\253.mp4,video
train_face\1\254.mp4,video
train_face\1\255.mp4,video
train_face\1\256.mp4,video
train_face\1\257.mp4,video
train_face\1\258.mp4,video
train_face\1\259.mp4,video
train_face\1\260.mp4,video
train_face\1\261.mp4,video
train_face\1\262.mp4,video
train_face\1\263.mp4,video
train_face\1\264.mp4,video
train_face\1\265.mp4,video
train_face\1\266.mp4,video
train_face\1\267.mp4,video
train_face\1\268.mp4,video
train_face\1\269.mp4,video
train_face\1\270.mp4,video
train_face\1\271.mp4,video
train_face\1\272.mp4,video
train_face\1\273.mp4,video
train_face\1\274.mp4,video
train_face\1\275.mp4,video
train_face\1\276.mp4,video
train_face\1\277.mp4,video
train_face\1\278.mp4,video
train_face\1\279.mp4,video
train_face\1\280.mp4,video
train_face\1\281.mp4,video
train_face\1\282.mp4,video
train_face\1\283.mp4,video
train_face\1\284.mp4,video
train_face\1\285.mp4,video
train_face\1\286.mp4,video
train_face\1\287.mp4,video
train_face\1\288.mp4,video
train_face\1\289.mp4,video
train_face\1\290.mp4,video
train_face\1\291.mp4,video
train_face\1\292.mp4,video
train_face\1\293.mp4,video
train_face\1\294.mp4,video
train_face\1\295.mp4,video
train_face\1\296.mp4,video
train_face\1\297.mp4,video
train_face\1\298.mp4,video
train_face\1\299.mp4,video
train_face\1\300.mp4,video
train_face\1\301.mp4,video
train_face\1\302.mp4,video
train_face\1\303.mp4,video
train_face\1\304.mp4,video
train_face\1\305.mp4,video
train_face\1\306.mp4,video
train_face\1\307.mp4,video
train_face\1\308.mp4,video
train_face\1\309.mp4,video
train_face\1\310.mp4,video
train_face\1\311.mp4,video
train_face\1\312.mp4,video
train_face\1\313.mp4,video
train_face\1\314.mp4,video
train_face\1\315.mp4,video
train_face\1\316.mp4,video
train_face\1\317.mp4,video
train_face\1\318.mp4,video
train_face\1\319.mp4,video
train_face\1\320.mp4,video
train_face\1\321.mp4,video
train_face\1\322.mp4,video
train_face\1\323.mp4,video
train_face\1\324.mp4,video
train_face\1\325.mp4,video
train_face\1\326.mp4,video
train_face\1\327.mp4,video
train_face\1\328.mp4,video
train_face\1\329.mp4,video
train_face\1\330.mp4,video
train_face\1\331.mp4,video
train_face\1\332.mp4,video
train_face\1\333.mp4,video
train_face\1\334.mp4,video
train_face\1\335.mp4,video
train_face\1\336.mp4,video
train_face\1\337.mp4,video
train_face\1\338.mp4,video
train_face\1\339.mp4,video
train_face\1\340.mp4,video
train_face\1\341.mp4,video
train_face\1\342.mp4,video
train_face\1\343.mp4,video
train_face\1\344.mp4,video
train_face\1\345.mp4,video
train_face\1\346.mp4,video
train_face\1\347.mp4,video
train_face\1\348.mp4,video
train_face\1\349.mp4,video
train_face\1\350.mp4,video
train_face\1\351.mp4,video
train_face\1\352.mp4,video
train_face\1\353.mp4,video
train_face\1\354.mp4,video
train_face\1\355.mp4,video
train_face\1\356.mp4,video
train_face\1\357.mp4,video
train_face\1\358.mp4,video
train_face\1\359.mp4,video
train_face\1\360.mp4,video
train_face\1\361.mp4,video
train_face\1\362.mp4,video
train_face\1\363.mp4,video
train_face\1\364.mp4,video
train_face\1\365.mp4,video
train_face\1\366.mp4,video
train_face\1\367.mp4,video
train_face\1\368.mp4,video
train_face\1\369.mp4,video
train_face\1\370.mp4,video
train_face\1\371.mp4,video
train_face\1\372.mp4,video
train_face\1\373.mp4,video
train_face\1\374.mp4,video
train_face\1\375.mp4,video
train_face\1\376.mp4,video
train_face\1\377.mp4,video
train_face\1\378.mp4,video
train_face\1\379.mp4,video
train_face\1\380.mp4,video
train_face\1\381.mp4,video
train_face\1\382.mp4,video
train_face\1\383.mp4,video
train_face\1\384.mp4,video
train_face\1\385.mp4,video
train_face\1\386.mp4,video
train_face\1\387.mp4,video
train_face\1\388.mp4,video
train_face\1\389.mp4,video
train_face\1\390.mp4,video
train_face\1\391.mp4,video
train_face\1\392.mp4,video
train_face\1\393.mp4,video
train_face\1\394.mp4,video
train_face\1\395.mp4,video
train_face\1\396.mp4,video
train_face\1\397.mp4,video
train_face\1\398.mp4,video
train_face\1\399.mp4,video
train_face\1\400.mp4,video
train_face\1\401.mp4,video
train_face\1\402.mp4,video
train_face\1\403.mp4,video
train_face\1\404.mp4,video
train_face\1\405.mp4,video
train_face\1\406.mp4,video
train_face\1\407.mp4,video
train_face\1\408.mp4,video
train_face\1\409.mp4,video
train_face\1\410.mp4,video
train_face\1\411.mp4,video
train_face\1\412.mp4,video
train_face\1\413.mp4,video
train_face\1\414.mp4,video
train_face\1\415.mp4,video
train_face\1\416.mp4,video
train_face\1\417.mp4,video
train_face\1\418.mp4,video
train_face\1\419.mp4,video
train_face\1\420.mp4,video
train_face\1\421.mp4,video
train_face\1\422.mp4,video
train_face\1\423.mp4,video
train_face\1\424.mp4,video
train_face\1\425.mp4,video
train_face\1\426.mp4,video
train_face\1\427.mp4,video
train_face\1\428.mp4,video
train_face\1\429.mp4,video
train_face\1\430.mp4,video
train_face\1\431.mp4,video
train_face\1\432.mp4,video
train_face\1\433.mp4,video
train_face\1\434.mp4,video
train_face\1\435.mp4,video
train_face\1\436.mp4,video
train_face\1\437.mp4,video
train_face\1\438.mp4,video
train_face\1\439.mp4,video
train_face\1\440.mp4,video
train_face\1\441.mp4,video
train_face\1\442.mp4,video
train_face\1\443.mp4,video
train_face\1\444.mp4,video
train_face\1\445.mp4,video
train_face\1\446.mp4,video
train_face\1\447.mp4,video
train_face\1\448.mp4,video
train_face\1\449.mp4,video
train_face\1\450.mp4,video
train_face\1\451.mp4,video
train_face\1\452.mp4,video
train_face\1\453.mp4,video
train_face\1\454.mp4,video
train_face\1\455.mp4,video
train_face\1\456.mp4,video
train_face\1\457.mp4,video
train_face\1\458.mp4,video
train_face\1\459.mp4,video
train_face\1\460.mp4,video
train_face\1\461.mp4,video
train_face\1\462.mp4,video
train_face\1\463.mp4,video
train_face\1\464.mp4,video
train_face\1\465.mp4,video
train_face\1\466.mp4,video
train_face\1\467.mp4,video
train_face\1\468.mp4,video
train_face\1\469.mp4,video
train_face\1\470.mp4,video
train_face\1\471.mp4,video
train_face\1\472.mp4,video
train_face\1\473.mp4,video
train_face\1\474.mp4,video
train_face\1\475.mp4,video
train_face\1\476.mp4,video
train_face\1\477.mp4,video
train_face\1\478.mp4,video
train_face\1\479.mp4,video
train_face\1\480.mp4,video
train_face\1\481.mp4,video
train_face\1\482.mp4,video
train_face\1\483.mp4,video
train_face\1\484.mp4,video
train_face\1\485.mp4,video
train_face\1\486.mp4,video
train_face\1\487.mp4,video
train_face\1\488.mp4,video
train_face\1\489.mp4,video
train_face\1\490.mp4,video
train_face\1\491.mp4,video
train_face\1\492.mp4,video
train_face\1\493.mp4,video
train_face\1\494.mp4,video
train_face\1\495.mp4,video
train_face\1\496.mp4,video
train_face\1\497.mp4,video
train_face\1\498.mp4,video
train_face\1\499.mp4,video
train_face\1\500.mp4,video
train_face\1\501.mp4,video
train_face\1\502.mp4,video
train_face\1\503.mp4,video
train_face\1\504.mp4,video
train_face\1\505.mp4,video
train_face\1\506.mp4,video
train_face\1\507.mp4,video
train_face\1\508.mp4,video
train_face\1\509.mp4,video
train_face\1\510.mp4,video
train_face\1\511.mp4,video
train_face\1\512.mp4,video
train_face\1\513.mp4,video
train_face\1\514.mp4,video
train_face\1\515.mp4,video
train_face\1\516.mp4,video
train_face\1\517.mp4,video
train_face\1\518.mp4,video
train_face\1\519.mp4,video
train_face\1\520.mp4,video
train_face\1\521.mp4,video
train_face\1\522.mp4,video
train_face\1\523.mp4,video
train_face\1\524.mp4,video
train_face\1\525.mp4,video
train_face\1\526.mp4,video
train_face\1\527.mp4,video
train_face\1\528.mp4,video
train_face\1\529.mp4,video
train_face\1\530.mp4,video
train_face\1\531.mp4,video
train_face\1\532.mp4,video
train_face\1\533.mp4,video
train_face\1\534.mp4,video
train_face\1\535.mp4,video
train_face\1\536.mp4,video
train_face\1\537.mp4,video
train_face\1\538.mp4,video
train_face\1\539.mp4,video
train_face\1\540.mp4,video
train_face\1\541.mp4,video
train_face\1\542.mp4,video
train_face\1\543.mp4,video
train_face\1\544.mp4,video
train_face\1\545.mp4,video
train_face\1\546.mp4,video
train_face\1\547.mp4,video
train_face\1\548.mp4,video
train_face\1\549.mp4,video
train_face\1\550.mp4,video
train_face\1\551.mp4,video
train_face\1\552.mp4,video
train_face\1\553.mp4,video
train_face\1\554.mp4,video
train_face\1\555.mp4,video
train_face\1\556.mp4,video
train_face\1\557.mp4,video
train_face\1\558.mp4,video
train_face\1\559.mp4,video
train_face\1\560.mp4,video
train_face\1\561.mp4,video
train_face\1\562.mp4,video
train_face\1\563.mp4,video
train_face\1\564.mp4,video
train_face\1\565.mp4,video
train_face\1\566.mp4,video
train_face\1\567.mp4,video
train_face\1\568.mp4,video
train_face\1\569.mp4,video
train_face\1\570.mp4,video
train_face\1\571.mp4,video
train_face\1\572.mp4,video
train_face\1\573.mp4,video
train_face\1\574.mp4,video
train_face\1\575.mp4,video
train_face\1\576.mp4,video
train_face\1\577.mp4,video
train_face\1\578.mp4,video
train_face\1\579.mp4,video
train_face\1\580.mp4,video
train_face\1\581.mp4,video
train_face\1\582.mp4,video
train_face\1\583.mp4,video
train_face\1\584.mp4,video
train_face\1\585.mp4,video
train_face\1\586.mp4,video
train_face\1\587.mp4,video
train_face\1\588.mp4,video
train_face\1\589.mp4,video
train_face\1\590.mp4,video
train_face\1\591.mp4,video
train_face\1\592.mp4,video
train_face\1\593.mp4,video
train_face\1\594.mp4,video
train_face\1\595.mp4,video
train_face\1\596.mp4,video
train_face\1\597.mp4,video
train_face\1\598.mp4,video
train_face\1\599.mp4,video
train_face\1\600.mp4,video
train_face\1\601.mp4,video
train_face\1\602.mp4,video
train_face\1\603.mp4,video
train_face\1\604.mp4,video
train_face\1\605.mp4,video
train_face\1\606.mp4,video
train_face\1\607.mp4,video
train_face\1\608.mp4,video
train_face\1\609.mp4,video
train_face\1\610.mp4,video
train_face\1\611.mp4,video
train_face\1\612.mp4,video
train_face\1\613.mp4,video
train_face\1\614.mp4,video
train_face\1\615.mp4,video
train_face\1\616.mp4,video
train_face\1\617.mp4,video
train_face\1\618.mp4,video
train_face\1\619.mp4,video
train_face\1\620.mp4,video
train_face\1\621.mp4,video
train_face\1\622.mp4,video
train_face\1\623.mp4,video
train_face\1\624.mp4,video
train_face\1\625.mp4,video
train_face\1\626.mp4,video
train_face\1\627.mp4,video
train_face\1\628.mp4,video
train_face\1\629.mp4,video
train_face\1\630.mp4,video
train_face\1\631.mp4,video
train_face\1\632.mp4,video
train_face\1\633.mp4,video
train_face\1\634.mp4,video
train_face\1\635.mp4,video
train_face\1\636.mp4,video
train_face\1\637.mp4,video
train_face\1\638.mp4,video
train_face\1\639.mp4,video
train_face\1\640.mp4,video
train_face\1\641.mp4,video
train_face\1\642.mp4,video
train_face\1\643.mp4,video
train_face\1\644.mp4,video
train_face\1\645.mp4,video
train_face\1\646.mp4,video
train_face\1\647.mp4,video
train_face\1\648.mp4,video
train_face\1\649.mp4,video
train_face\1\650.mp4,video
train_face\1\651.mp4,video
train_face\1\652.mp4,video
train_face\1\653.mp4,video
train_face\1\654.mp4,video
train_face\1\655.mp4,video
train_face\1\656.mp4,video
train_face\1\657.mp4,video
train_face\1\658.mp4,video
train_face\1\659.mp4,video
train_face\1\660.mp4,video
train_face\1\661.mp4,video
train_face\1\662.mp4,video
train_face\1\663.mp4,video
train_face\1\664.mp4,video
train_face\1\665.mp4,video
train_face\1\666.mp4,video
train_face\1\667.mp4,video
train_face\1\668.mp4,video
train_face\1\669.mp4,video
train_face\1\670.mp4,video
train_face\1\671.mp4,video
train_face\1\672.mp4,video
train_face\1\673.mp4,video
train_face\1\674.mp4,video
train_face\1\675.mp4,video
train_face\1\676.mp4,video
train_face\1\677.mp4,video
train_face\1\678.mp4,video
train_face\1\679.mp4,video
train_face\1\680.mp4,video
train_face\1\681.mp4,video
train_face\1\682.mp4,video
train_face\1\683.mp4,video
train_face\1\684.mp4,video
train_face\1\685.mp4,video
train_face\1\686.mp4,video
train_face\1\687.mp4,video
train_face\1\688.mp4,video
train_face\1\689.mp4,video
train_face\1\690.mp4,video
train_face\1\691.mp4,video
train_face\1\692.mp4,video
train_face\1\693.mp4,video
train_face\1\694.mp4,video
train_face\1\695.mp4,video
train_face\1\696.mp4,video
train_face\1\697.mp4,video
train_face\1\698.mp4,video
train_face\1\699.mp4,video
train_face\1\700.mp4,video
train_face\1\701.mp4,video
train_face\1\702.mp4,video
train_face\1\703.mp4,video
train_face\1\704.mp4,video
train_face\1\705.mp4,video
train_face\1\706.mp4,video
train_face\1\707.mp4,video
train_face\1\708.mp4,video
train_face\1\709.mp4,video
train_face\1\710.mp4,video
train_face\1\711.mp4,video
train_face\1\712.mp4,video
train_face\1\713.mp4,video
train_face\1\714.mp4,video
train_face\1\715.mp4,video
train_face\1\716.mp4,video
train_face\1\717.mp4,video
train_face\1\718.mp4,video
train_face\1\719.mp4,video
train_face\1\720.mp4,video
train_face\1\721.mp4,video
train_face\1\722.mp4,video
train_face\1\723.mp4,video
train_face\1\724.mp4,video
train_face\1\725.mp4,video
train_face\1\726.mp4,video
train_face\1\727.mp4,video
train_face\1\728.mp4,video
train_face\1\729.mp4,video
train_face\1\730.mp4,video
train_face\1\731.mp4,video
train_face\1\732.mp4,video
train_face\1\733.mp4,video
train_face\1\734.mp4,video
train_face\1\735.mp4,video
train_face\1\736.mp4,video
train_face\1\737.mp4,video
train_face\1\738.mp4,video
train_face\1\739.mp4,video
train_face\1\740.mp4,video
train_face\1\741.mp4,video
train_face\1\742.mp4,video
train_face\1\743.mp4,video
train_face\1\744.mp4,video
train_face\1\745.mp4,video
train_face\1\746.mp4,video
train_face\1\747.mp4,video
train_face\1\748.mp4,video
train_face\1\749.mp4,video
train_face\1\750.mp4,video
train_face\1\751.mp4,video
train_face\1\752.mp4,video
train_face\1\753.mp4,video
train_face\1\754.mp4,video
train_face\1\755.mp4,video
train_face\1\756.mp4,video
train_face\1\757.mp4,video
train_face\1\758.mp4,video
train_face\1\759.mp4,video
train_face\1\760.mp4,video
train_face\1\761.mp4,video
train_face\1\762.mp4,video
train_face\1\763.mp4,video
train_face\1\764.mp4,video
train_face\1\765.mp4,video
train_face\1\766.mp4,video
train_face\1\767.mp4,video
train_face\1\768.mp4,video
train_face\1\769.mp4,video
train_face\1\770.mp4,video
train_face\1\771.mp4,video
train_face\1\772.mp4,video
train_face\1\773.mp4,video
train_face\1\774.mp4,video
train_face\1\775.mp4,video
train_face\1\776.mp4,video
train_face\1\777.mp4,video
train_face\1\778.mp4,video
train_face\1\779.mp4,video
train_face\1\780.mp4,video
train_face\1\781.mp4,video
train_face\1\782.mp4,video
train_face\1\783.mp4,video
train_face\1\784.mp4,video
train_face\1\785.mp4,video
train_face\1\786.mp4,video
train_face\1\787.mp4,video
train_face\1\788.mp4,video
train_face\1\789.mp4,video
train_face\1\790.mp4,video
train_face\1\791.mp4,video
train_face\1\792.mp4,video
train_face\1\793.mp4,video
train_face\1\794.mp4,video
train_face\1\795.mp4,video
train_face\1\796.mp4,video
train_face\1\797.mp4,video
train_face\1\798.mp4,video
train_face\1\799.mp4,video
train_face\1\800.mp4,video
train_face\1\801.mp4,video
train_face\1\802.mp4,video
train_face\1\803.mp4,video
train_face\1\804.mp4,video
train_face\1\805.mp4,video
train_face\1\806.mp4,video
train_face\1\807.mp4,video
train_face\1\808.mp4,video
train_face\1\809.mp4,video
train_face\1\810.mp4,video
train_face\1\811.mp4,video
train_face\1\812.mp4,video
train_face\1\813.mp4,video
train_face\1\814.mp4,video
train_face\1\815.mp4,video
train_face\1\816.mp4,video
train_face\1\817.mp4,video
train_face\1\818.mp4,video
train_face\1\819.mp4,video
train_face\1\820.mp4,video
train_face\1\821.mp4,video
train_face\1\822.mp4,video
train_face\1\823.mp4,video
train_face\1\824.mp4,video
train_face\1\825.mp4,video
train_face\1\826.mp4,video
train_face\1\827.mp4,video
train_face\1\828.mp4,video
train_face\1\829.mp4,video
train_face\1\830.mp4,video
train_face\1\831.mp4,video
train_face\1\832.mp4,video
train_face\1\833.mp4,video
train_face\1\834.mp4,video
train_face\1\835.mp4,video
train_face\1\836.mp4,video
train_face\1\837.mp4,video
train_face\1\838.mp4,video
train_face\1\839.mp4,video
train_face\1\840.mp4,video
train_face\1\841.mp4,video
train_face\1\842.mp4,video
train_face\1\843.mp4,video
train_face\1\844.mp4,video
train_face\1\845.mp4,video
train_face\1\846.mp4,video
train_face\1\847.mp4,video
train_face\1\848.mp4,video
train_face\1\849.mp4,video
train_face\1\850.mp4,video
train_face\1\851.mp4,video
train_face\1\852.mp4,video
train_face\1\853.mp4,video
train_face\1\854.mp4,video
train_face\1\855.mp4,video
train_face\1\856.mp4,video
train_face\1\857.mp4,video
train_face\1\858.mp4,video
train_face\1\859.mp4,video
